{
  "overall": {
    "precision": 0.5089491901319366,
    "recall": 0.503711558854719,
    "f1": 0.4578804581802917,
    "HR": 0.13333333333333333,
    "NDCG": 0.07494019744604426
  }
}