{
  "overall": {
    "precision": 0.5281514153055991,
    "recall": 0.5185577942735949,
    "f1": 0.4839380329836321,
    "HR": 0.26666666666666666,
    "NDCG": 0.12004527035751408
  }
}