{
  "overall": {
    "precision": 0.4771647042097183,
    "recall": 0.48250265111346763,
    "f1": 0.43695916409997204,
    "HR": 0.16666666666666666,
    "NDCG": 0.11725941869353332
  }
}