{
  "overall": {
    "precision": 0.491289147633123,
    "recall": 0.49204665959703076,
    "f1": 0.44624898863309054,
    "HR": 0.3,
    "NDCG": 0.1374492954152465
  }
}